id,username,created_at,lng,lat,text
1517599679604826112,Richardtoolbox,Fri Apr 22 20:22:13 +0000 2022,-77.60468399999999,41.1179365,@jackson_noxeema Happy Birthday
1517599679730503680,tmj_NE_transp,Fri Apr 22 20:22:13 +0000 2022,-96.7466913,40.2659269,"O'Reilly Automotive is hiring in #Beatrice, NE! Read about our latest #Transportation job opening via the link in our bio: Parts Delivery"
1517599679827136514,HDVideoagrapher,Fri Apr 22 20:22:13 +0000 2022,-78.328113,44.3147895,"@jwhittalTWN Wow, that is a fair sized seriously expensive looking camera set up. Not bad. Happy shooting. Good Luck üòéüòÅüòÉüòÉ"
1517599680506605570,MosdefMaro,Fri Apr 22 20:22:14 +0000 2022,-98.5406515,29.417501,@nikkidaoo Whole time
1517599680468709376,DJMICHAELKNIGHT,Fri Apr 22 20:22:14 +0000 2022,-122.455344,47.242960499999995,Truth!
1517599680955228160,tmj_cob_transp,Fri Apr 22 20:22:14 +0000 2022,-104.8319195,39.7294319,"Want to land a job like ""Local CDL Driver - Class A - $5,000 Sign On Bonus"" at O'Reilly Automotive? Applicant track‚Ä¶ https://t.co/tt2gTfcU4q"
1517599679332044800,OliviaDeGennaro,Fri Apr 22 20:22:13 +0000 2022,-121.469664,38.561722,Did you know #mushrooms can be a powerful tool for #traumarecovery?You can find my full conversation with Tiffany‚Ä¶ https://t.co/OulDRmuluW
1517599681962024960,pattiaw34,Fri Apr 22 20:22:14 +0000 2022,-76.028661,43.998244,In breeding
1517599682733740033,409Ralo,Fri Apr 22 20:22:14 +0000 2022,-94.1286335,30.086918,@yrnchris___ You sliding to the spring game tomorrow ?
1517599683534888962,tinatheplantdoc,Fri Apr 22 20:22:14 +0000 2022,-81.5903435,28.546118999999997,@David_J_Koch @kylegriffin1 @Disney Disney closed during the pandemic... people still came to Florida. ü§∑‚Äç‚ôÄÔ∏è
1517599682607955968,TCUFootball,Fri Apr 22 20:22:14 +0000 2022,-97.367823,32.709584,Who ya got?! üü£‚ö™Ô∏èTeam Purple vs Team White#GoFrogs #DFWBig12Team https://t.co/flAbgJ2LWX
1517599684973371393,tmj_ind_manuf,Fri Apr 22 20:22:15 +0000 2022,-86.158068,39.768403,"Interested in a job in Indianapolis, IN? This could be a great fit: https://t.co/lh2fH6my5U #KellyJobs #KellyServices"
1517599685124534272,Thee_McNasty_,Fri Apr 22 20:22:15 +0000 2022,-77.0143985,38.898602999999994,@_ImaniKhay Picking up drunkies https://t.co/iu0sckOZnF
1517599685829185537,ScoobIV,Fri Apr 22 20:22:15 +0000 2022,-73.9487755,40.655138,@slumpedbalanci capn crunch
1517599686005121024,tmj_IN_sales,Fri Apr 22 20:22:15 +0000 2022,-87.5286325,38.677269,Check out this Sales Director role at Fox Ridge Manor! We are actively interviewing and seeking talent! Inquire or‚Ä¶ https://t.co/xFGYRAfrwN
1517599686273605633,USUtheRightBlue,Fri Apr 22 20:22:15 +0000 2022,-111.98582400000001,40.3445525,@UteFanIvan I thought Jimmy Butler was just ahead of Don in scoring.
1517599686038851585,iammszmax,Fri Apr 22 20:22:15 +0000 2022,-72.524305,41.7769225,Super excited!!! https://t.co/xlRClb8ql9
1517599686642835459,GryphonAshe,Fri Apr 22 20:22:15 +0000 2022,-80.285189,26.0781705,@ZacSnowX It‚Äôs so sexy on you though. ‚ù§Ô∏èüêæ
1517599686995046400,JonHaroldMeyer1,Fri Apr 22 20:22:15 +0000 2022,-117.434547,47.667438,@Benjami93172940 @AbeAnimated Me too
1517599687410257920,tita_jan,Fri Apr 22 20:22:15 +0000 2022,-116.237907,33.7446325,the way it‚Äôs brockhampton‚Äôs last performance ever saturday
1517599687418785794,Sensei_Sanchez,Fri Apr 22 20:22:15 +0000 2022,-90.33429,38.629935,"Yeah when I get to the crib, I gotta put that Push on. Ain‚Äôt no way around it"
1517599687284506625,SherryLeigh5,Fri Apr 22 20:22:15 +0000 2022,-90.4505175,38.5104895,"What good did it do for #MarjorieTaylorGreene to release her video telling people to ""remain calm"" and ""obey the la‚Ä¶ https://t.co/Q3z4ibULRd"
1517599687426994176,geoffpilkington,Fri Apr 22 20:22:15 +0000 2022,-118.4119065,34.0207895,Thats why I‚Äôd recommend doing the negotiating with Republicans and Democrats. MAGA and Progressives are proudly n‚Ä¶ https://t.co/Qb6tbE0z5y
1517599686567374848,TheGayGaston,Fri Apr 22 20:22:15 +0000 2022,-73.9685415,40.780709,50% Off today! Check out all my uncensored content: https://t.co/WRwbYpNEOmüì∏: @HNSImagery https://t.co/WKOk9CsmRh
1517599687972294656,deMOSThenes0000,Fri Apr 22 20:22:15 +0000 2022,-123.123581,49.257639,@NovaOctane @MichaelAnneRos1 @ginnyhogan_ It's literally a theme of a toxic male song üôÉü§£ https://t.co/wRVvc6P4p5
1517599689675350017,CadenMc23,Fri Apr 22 20:22:16 +0000 2022,-86.08780999999999,42.819686,Good visit at Hope today! Looking forward to more. @HopeCollege @PStuursm @ColinCoffey2 @JasoDave23 https://t.co/w5q9VWOKlC
1517599690266710018,theyoungcrews,Fri Apr 22 20:22:16 +0000 2022,-83.3997795,33.9563835,@jai_bhavnani factual
1517599690929414145,donald_self,Fri Apr 22 20:22:16 +0000 2022,-86.940582,34.443805499999996,But she does believe in Jewish space lasers!!ü§°üí©ü§Øü§îü§£ü§£ü§£üá∫üá≤üá∫üá≤üá∫üá≤üá∫üá≤üá∫üá≤üá∫üá≤#spacelasers
1517599691424288770,memktgservices,Fri Apr 22 20:22:16 +0000 2022,-82.7662485,34.6141395,@FGDub3 @ClemsonUniv They mentioned that more than once üòâ
1517599691025776640,RichGustason,Fri Apr 22 20:22:16 +0000 2022,-104.789327,38.8885185,I have no clue what I am known for on Twitter. https://t.co/08JgVEGKoU
1517599691877367809,Jayy_Crypt0,Fri Apr 22 20:22:16 +0000 2022,-85.6411415,42.9564115,@Cwood367Carie @UrbnStock Facts..
1517599693584273409,MarjorieDaw,Fri Apr 22 20:22:17 +0000 2022,-104.92209349999999,39.713563,@jmwiebke @srl I agree. This is such good news but she should never have been charged in the first place!
1517599695027281922,FrankieJay__,Fri Apr 22 20:22:17 +0000 2022,-96.7617535,32.819858499999995,I‚Äôll give Dak no more than 5 years to break Romo‚Äôs record.
1517599696608538629,chunkypnutbutta,Fri Apr 22 20:22:17 +0000 2022,-71.0887125,42.3136695,&lt;~~~~ the grandmother is the baby.
1517599697845854211,Toronto_John63,Fri Apr 22 20:22:18 +0000 2022,-79.2725695,43.629311,@HadiK_Scouting Has nothing to do with Hextall being a woman. Shows your ignorance calling people out for stupid co‚Ä¶ https://t.co/MMJbezjemr
1517599698378498052,CompassCoffeeDC,Fri Apr 22 20:22:18 +0000 2022,-81.491811,28.457142500000003,@alt_world Hope we made it a little better :)
1517599698508472323,Moha_Quaresma_,Fri Apr 22 20:22:18 +0000 2022,-93.1056485,44.9415155,Actually I like your English better than others with all due respect
1517599699431211008,DawnMarieLang1,Fri Apr 22 20:22:18 +0000 2022,-81.9968975,28.922832,@MileHighBecky Now that's commitment to science..
1517599699552796672,melaniecraycray,Fri Apr 22 20:22:18 +0000 2022,-118.4119065,34.0207895,Bruh my stomach can‚Äôt even handle oat milk???
1517599699427106816,Its_Boom_Boom,Fri Apr 22 20:22:18 +0000 2022,-79.2725695,43.629311,@dunmininualase @lanredemola @afolabimiley @davido Lmao. Ofcourse that will be your go to..lose weight.. I mean I c‚Ä¶ https://t.co/FKaSkCqzrx
1517599700186112000,studio_daddy,Fri Apr 22 20:22:18 +0000 2022,-122.4359785,37.7706565,"the consistency and safety of a 9-5 sounds so nice I‚Äôm certain ways, especially compared to the constant stress of‚Ä¶ https://t.co/rQ4M30Kysd"
1517599700404391936,Aliky91973411,Fri Apr 22 20:22:18 +0000 2022,-79.4283755,43.903509,@codedandunited I have the same one!!!! @amartinez_27  I‚Äôm so happy he returned to the knights that injury I was cr‚Ä¶ https://t.co/2vkEFQoWAd
1517599701096300545,tcawth,Fri Apr 22 20:22:19 +0000 2022,-111.992317,40.6030705,@sherlock_poemz You're gonna get your Twitter license revoked.
1517599701268324352,Don_Magicjuan,Fri Apr 22 20:22:19 +0000 2022,-80.1491725,26.150368,@damndee__ Let‚Äôs go
1517599701457162247,blvckrosepetvls,Fri Apr 22 20:22:19 +0000 2022,-96.961483,32.863917,We need to look good for the summer sir.
1517599701842886656,galofer504,Fri Apr 22 20:22:19 +0000 2022,-118.4119065,34.0207895,@BarackObama You for forgot about immigration reform!!
1517599701897523202,KWAPT,Fri Apr 22 20:22:19 +0000 2022,-71.29415900000001,41.939278,"""Massive"" FT. @STLGLD @therealreks &amp; @SlainesWorld (Music Video) https://t.co/11nJ3OGn1X via @leedzedu and @SANDOFILMS üî•üî•üî•"
1517599702337736704,etnrugger05,Fri Apr 22 20:22:19 +0000 2022,-85.9785995,35.8305215,You‚Äôre invited to the Burn party today on Telegram- SHIBADOGE: $SHIBADOGE $BURN üî•üî•üöÄüöÄüåïüåï@SAPEOFFICIALETH‚Ä¶ https://t.co/mVvMNITwPZ
1517599703009046532,D3RAILED_James,Fri Apr 22 20:22:19 +0000 2022,-88.030474,42.3468575,@TTVxSheriMariex Hell yea!  I‚Äôll be playing all weekend!
1517599703877263367,malakhi21,Fri Apr 22 20:22:19 +0000 2022,-100.0768885,31.1688935,@Dresendez1 23 inches ?üò≠üò≠
1517599704628015104,SOTAwatch,Fri Apr 22 20:22:19 +0000 2022,-116.5438,32.6738,"20:21 KX6I (Jeffry) on W6/SC-092 (Morena Butte, 1195m, 2 pts) 14.061 CW: Quick activation [KX6I]"
1517599705215209479,Mike_mtdew,Fri Apr 22 20:22:20 +0000 2022,-98.319925,38.498196,@jonnyglenk @ThatEricAlper Great song!!
1517599705475153920,iseancummings,Fri Apr 22 20:22:20 +0000 2022,-123.123581,49.257639,Sounds about right
1517599707471781893,revsully,Fri Apr 22 20:22:20 +0000 2022,-71.103722,42.3954025,Not to sound morbid but talking once again about Literary Pathos.The Death of Gwen Stacy worked best when it was P‚Ä¶ https://t.co/5ohkmjbYXB
1517599708268486656,Pogibry,Fri Apr 22 20:22:20 +0000 2022,-111.992317,40.6030705,This is so awesome
1517599708490854400,jeffmcg88,Fri Apr 22 20:22:20 +0000 2022,-86.13244850000001,39.9632495,@boston_capper Have a weekend capper! Cheers!
1517599709703159809,JLSGamingUSA,Fri Apr 22 20:22:21 +0000 2022,-81.46753625,28.47475908,Just posted a photo @ Universal Studios Florida https://t.co/XCacQpQvxq
1517599710130884612,annathibodeaux,Fri Apr 22 20:22:21 +0000 2022,-92.0611765,30.206079000000003,being able to find bathing suit tops that fit is a job
1517599712655912962,Shamele72777451,Fri Apr 22 20:22:21 +0000 2022,-81.7148955,26.706266499999998,@Karens_Red_Pony Like a driver responsible for a car crash.
1517599712999784448,SunniestRae,Fri Apr 22 20:22:21 +0000 2022,-79.2725695,43.629311,Worst case scenarios aren‚Äôt the most likely ones but my brain tries to convince me otherwise. Also working on this.
1517599713629032450,acousticnicki,Fri Apr 22 20:22:22 +0000 2022,-75.0286395,39.78953,"@ThatEricAlper Walt Grace‚Äôs Submarine Test, January 1967 by @JohnMayer  Fave lyric:  ‚ÄúFor once in his life, it was‚Ä¶ https://t.co/zFGd3j49jg"
1517599712693698561,blugraphics,Fri Apr 22 20:22:21 +0000 2022,-80.89735,35.002213499999996,Posted this to IG 1st. What y'all think?#blugraphics https://t.co/xiM8pKT3uX
1517599715201888256,dylandreaming,Fri Apr 22 20:22:22 +0000 2022,-70.7811575,42.097699500000004,@sedderaside @joaoheaux I‚Äôm howling
1517599715797446656,WinnySzn,Fri Apr 22 20:22:22 +0000 2022,-73.8494415,40.8503475,getting into an accident without speeding is pure dickhead shit no excuse at all ü§£ü§£ü§£ü§£ how y‚Äôall crash going 30mph
1517599716229500934,meauxsage,Fri Apr 22 20:22:22 +0000 2022,-92.041254,30.332393,‚Äúi‚Äôm tryna get a dui in a go kart‚Äù
1517599716732817408,ajhealy18,Fri Apr 22 20:22:22 +0000 2022,-96.29164850000001,30.585471499999997,@bitter_sky Probably not a better spot
1517599716611182594,Bodhihodi,Fri Apr 22 20:22:22 +0000 2022,-80.4764035,43.43024,It‚Äôs‚Ä¶THE WEEKEND! https://t.co/AIaPofjT6t
1517599717965721600,BigBandz_YB,Fri Apr 22 20:22:23 +0000 2022,-83.1738665,32.6782075,"@LamarWhippedIt @SoufsideJefe not goin souf, yall big gangsta"
1517599719219990528,mackadeIik,Fri Apr 22 20:22:23 +0000 2022,-83.157747,42.507217999999995,When I check my wallet and my @metawizardsnft are revealed https://t.co/lvur6MWN8D
1517599720188747776,PatiKRoll11,Fri Apr 22 20:22:23 +0000 2022,-108.636522,39.07573,@JohnBonifaz any chance you can help get Boebert removed from the ballot in CO!?!  Any help would be appreciated. Thank you!!
1517599720729890817,Miss_Allison_D,Fri Apr 22 20:22:23 +0000 2022,-79.2996725,43.880694500000004,How the fuck is this possible!?? Were people in a coma for the last 4 years in Ontario!?? ü§Øüò±ü§¨
1517599721832914946,Theoldp,Fri Apr 22 20:22:23 +0000 2022,-118.325145,34.182159999999996,Frogman Friday üêô starts at 2 https://t.co/jLpEjwAEIh
1517599724299341827,ScottDSee,Fri Apr 22 20:22:24 +0000 2022,-86.441236,39.766555499999996,@barstoolindy If @PCampbell21 plays 17 games he‚Äôs a pro bowler. Assuming üßä hasn‚Äôt lost it.
1517599724521627649,dessoopretty,Fri Apr 22 20:22:24 +0000 2022,-84.433106,33.7671945,I‚Äôm going to be very positive today it‚Äôs my lil baby birthday! üòåüòåüòå‚ò∫Ô∏è‚ò∫Ô∏è‚ò∫Ô∏è
1517599724878053380,desserlynn,Fri Apr 22 20:22:24 +0000 2022,-86.441236,39.766555499999996,Why do I have to have a butt chin? üòî
1517599724773249024,KORichardson,Fri Apr 22 20:22:24 +0000 2022,-79.7595915,43.724971,I wonder if they‚Äôll send Ukrainian refugees to Rwanda?
1517599724261584897,Arkansas4H,Fri Apr 22 20:22:24 +0000 2022,-92.342322,34.721886,üåçHappy Earth Dayüåé We live in the #NaturalState &amp; it‚Äôs the perfect place to admire Earth‚Äôs beauty! Take a moment tod‚Ä¶ https://t.co/nntxQ04zFw
1517599725264027652,ZackCreglow,Fri Apr 22 20:22:24 +0000 2022,-93.4813445,41.6452855,@TommyBirch What's your stance on parades and Christmas?
1517599725415026689,HSosenheimer,Fri Apr 22 20:22:24 +0000 2022,-85.1700515,41.086917,@darrinwright @BrettRumpSports @FWKomets I just must go at the wrong time thenü§∑üèº‚Äç‚ôÇÔ∏èüòÇ
1517599725801082880,tmj_MIU_LABOR,Fri Apr 22 20:22:24 +0000 2022,-83.3203997,42.661268,Looking to score a job at UPS? You're in luck. Click the link in our bio for the job description and information on‚Ä¶ https://t.co/g036U9l8BJ
1517599727474274304,tmj_VAL_NURSING,Fri Apr 22 20:22:25 +0000 2022,-76.8620327,38.9685112,Doctors Community Rehab &amp; Patient Care Center - Genesis HealthCare is looking for teammates like you. See our lates‚Ä¶ https://t.co/AvOHQqu2RW
1517599727495360512,HumblSteve,Fri Apr 22 20:22:25 +0000 2022,-80.2333285,25.7823535,Nothing quite as refreshing as a mixed drink. @HUMBLPay @BLOCKS_DAO #HUMBLnation #HUMBL #BLOCKS https://t.co/ynYDG4efye
1517599728761917441,hylandtakes,Fri Apr 22 20:22:25 +0000 2022,-111.5605185,33.198235499999996,@stephenasmith People/teams show you who they are ....... believe them.
1517599730888413184,lifter112,Fri Apr 22 20:22:26 +0000 2022,-117.9248925,33.8893475,Wonder how many coaches there are that really do this. Many ?
1517599731291242499,triggersurge,Fri Apr 22 20:22:26 +0000 2022,-84.296906,33.7722075,@lastxfantasy @CritterCrops @DaisyGames3 @DoctorFunfrock @GrimbartTales @Tissueinu @EdDenGaming @pixpilgames‚Ä¶ https://t.co/legOWQfK50
1517599731970568192,TheSaucedSpoon,Fri Apr 22 20:22:26 +0000 2022,-121.469664,38.561722,@TheFlakyFoodie That sounds delicious! You‚Äôll have to share pictures! ü§©
1517599731823820802,sarbjitkaur1,Fri Apr 22 20:22:26 +0000 2022,-79.2725695,43.629311,"When I arrived in Durham Region for this event this morning, a rooster started crowing at me. But great event overa‚Ä¶ https://t.co/Nl324nsMzE"
1517599732444639233,RealBunBun,Fri Apr 22 20:22:26 +0000 2022,-77.60468399999999,41.1179365,Both points here are absolutely correct. It‚Äôs crazy how overblown these tales are about Thibs. Now I‚Äôll continue to‚Ä¶ https://t.co/BGxSb2aqfb
1517599733325389828,StereoRooster,Fri Apr 22 20:22:26 +0000 2022,-87.732013,41.8335845,"""Enough to Make Ida B. Wells Turn in Her Grave""https://t.co/EcJyJdwXKE@optimist_press @marioinhydepark Sorry‚Ä¶ https://t.co/csFu7XtVaT"
1517599734462136320,theyoungcrews,Fri Apr 22 20:22:26 +0000 2022,-83.3997795,33.9563835,@crypto_diller_ @indexcoop @TheMetaFactory you are my hero
1517599736072712193,KeithJo71225725,Fri Apr 22 20:22:27 +0000 2022,-78.8954405,35.9909825,I would eat all of it
1517599736232091648,CSHTexas2022,Fri Apr 22 20:22:27 +0000 2022,-95.31703999999999,32.315661500000004,"@TKMoniker Thank you, and I hope you have a great weekend."
1517599737226088449,JuliaQTea,Fri Apr 22 20:22:27 +0000 2022,-86.1429225,39.7795625,"If you have long hair, you're gay"
1517599738266374149,_wemissROBERT,Fri Apr 22 20:22:27 +0000 2022,-96.7617535,32.819858499999995,@Chad_1906 Ya boys ain‚Äôt ya boys
1517599741667909634,CharlesCFick,Fri Apr 22 20:22:28 +0000 2022,-76.1813,42.6007,#Wallyboy ‚Äòs happy place: a playground on a sunny day all to himself. #autism #peopleareunpredictable #quiet @ Cort‚Ä¶ https://t.co/M8f0brktC3
1517599741680537600,therealdjfatboi,Fri Apr 22 20:22:28 +0000 2022,-79.42086499999999,38.003375500000004,New mixtape alert üö® @DjBryvn https://t.co/mii1SrziUD
1517599742490030088,bearsathletics_,Fri Apr 22 20:22:28 +0000 2022,-117.1679709,32.7632722,"@missionprepslo alumni Paul Snow (‚Äò90), and Darnell Harris (‚Äò91) reunite at the CA State Athletic Directors Confere‚Ä¶ https://t.co/wxnFkAAn3I"
1517599743098109963,BenjieBledsoe,Fri Apr 22 20:22:29 +0000 2022,-96.919815,32.845898,"I'm at UD Mall in Irving, TX https://t.co/Y4uxddnfAQ"
1517599743173533696,DemonJT_,Fri Apr 22 20:22:29 +0000 2022,-118.4119065,34.0207895,‚ÄúThe stage!‚Äù üòÇ @lHomi_
1517599741328211969,MoradFiki,Fri Apr 22 20:22:28 +0000 2022,-95.53444999999999,29.764025,It‚Äôs time to crush self imposed limitations and break generational curses!!! #letsgo #boom #FridayFeeling‚Ä¶ https://t.co/XjDDkkjM94
1517599742909460481,ooburn1,Fri Apr 22 20:22:29 +0000 2022,-73.4316365,45.595639,New video tonight 8pm üòà ‚û°Ô∏è https://t.co/VXtj3wGNpk https://t.co/ma1JTVnOH1
1517599742607478785,ASVPXRIA,Fri Apr 22 20:22:28 +0000 2022,-95.44648649999999,29.838495,We only up! ü§ûüèº https://t.co/HytBraxgaV
1517599745593810946,sunflower2499,Fri Apr 22 20:22:29 +0000 2022,-77.44754950000001,38.7309145,@B52Malmet It doesn't take effect until June 2023. By then it will be struck down.  De Santis knows this  it's all theater
1517599746755547137,mdudas,Fri Apr 22 20:22:29 +0000 2022,-73.9685415,40.780709,.@Coinbase also has a treasure trove of tokens and equity sitting in its Ventures vault. Wild to see it at this p‚Ä¶ https://t.co/YGmoYQLHof
1517599747565051906,511NYMidHudson,Fri Apr 22 20:22:30 +0000 2022,-73.822196,41.2952,Incident on #TaconicStateParkway SB at Exit 17B - Bear Mountain State Parkway https://t.co/vhqdF2cVFR
1517599747820998657,ASVPXRIA,Fri Apr 22 20:22:30 +0000 2022,-95.44648649999999,29.838495,@rjo4_ thank you bby i appreciate itü•∫üñ§
1517599748219416577,DM16TheGreatest,Fri Apr 22 20:22:30 +0000 2022,-79.861034,35.1704985,@themoonpenguins Me me me!! üôèüèº
1517599748978524160,511nyAlbany,Fri Apr 22 20:22:30 +0000 2022,-73.708535,42.747536,Updated: Incident on #NY7 WB at Exit to I-787; Exit to NY 787 https://t.co/An2C9Vqk1n
1517599749221797889,Bhk4,Fri Apr 22 20:22:30 +0000 2022,-75.9444,36.7458,the salty draw. #home #saltlife #water_captures #h2ography #hamptonroads #livefolk #sandbridge #nikon‚Ä¶ https://t.co/kFpKwYtBkP
1517599749397901312,cathiebun,Fri Apr 22 20:22:30 +0000 2022,-117.0226945,38.502147,@georgiarealist @jerry_tuxedo Funnee! Ise likes it! #jerryscucina
1517599750094303233,DennisCulvahou1,Fri Apr 22 20:22:30 +0000 2022,-86.7047145,41.6009655,@Nylons_fan Oh yes my favorite color absolutely gorgeous totally sexy wow
1517599749700042752,DanielPiraino,Fri Apr 22 20:22:30 +0000 2022,-76.593943,24.074967,@Alex290J Thanks brotha üëç
1517599750748581890,ajlove41,Fri Apr 22 20:22:30 +0000 2022,-97.454799,32.761695,@Alphons04260271 Good job
1517599751671275520,uhcierra_,Fri Apr 22 20:22:31 +0000 2022,-83.641199,32.58263,you‚Äôll never be enough for someone who is never satisfied.
1517599751927173121,greg_doucette,Fri Apr 22 20:22:31 +0000 2022,-79.861034,35.1704985,"I doubt it, but would have to lean on the GA attorneys like @ASFleischman b/c idk their applicable statutes Candi‚Ä¶ https://t.co/5XiWXQX2Mr"
1517599751868452864,TourguideStan,Fri Apr 22 20:22:31 +0000 2022,-73.9685415,40.780709,#happyearthday #happyEarthDay2022 Take a walking tour of *upper* #Manhattan. Incredible views you never thought po‚Ä¶ https://t.co/hmnbFSXet0
1517599752791146496,bigjoe061,Fri Apr 22 20:22:31 +0000 2022,-83.1738665,32.6782075,@CSloves2much What are you going to use that for?
1517599753290321922,SierraClubMN,Fri Apr 22 20:22:31 +0000 2022,-93.2620465,44.9706105,How do you celebrate #EarthDay?üåéBy riding the @MetroTransitMN Zero Emission Electric Bus with @cleantranspo‚Ä¶ https://t.co/Rfep7Essc7
1517599755949461506,RealMiamiEstate,Fri Apr 22 20:22:32 +0000 2022,-80.2333285,25.7823535,@realArmandKlein @JoeBiden @GOP Was that a CORRUPT FBI dressed as Capitol Police or one of their assets inside...?! ü§¨
1517599756415127553,chyp2011,Fri Apr 22 20:22:32 +0000 2022,-104.92209349999999,39.713563,@ajconwashington @bluestein be a better picture of she was in cuffs
1517599758130593792,doublehex168,Fri Apr 22 20:22:32 +0000 2022,-88.12451300000001,43.1482635,@therealchamy @rbrecto @strangeharbors In your defense even Eggers thinks he should have used a different color.
1517599759397175296,wvchie,Fri Apr 22 20:22:32 +0000 2022,-96.621634,32.907642,i cannot tell you one time someone has done something nice for me
1517599759162392577,G_Hoots,Fri Apr 22 20:22:32 +0000 2022,-79.2296685,42.983029,"It's almost time, come on out to the Welland Main arena tonight to catch all the action. Games at 7pm, 8pm and cham‚Ä¶ https://t.co/JL9716eryX"
1517599760911421440,be_handy,Fri Apr 22 20:22:33 +0000 2022,-98.5406515,29.417501,@ThatEricAlper misty mountain hop  https://t.co/e0rjW5WbEi
1517599761703964672,BrxwnIslander,Fri Apr 22 20:22:33 +0000 2022,-114.14326249999999,45.4945515,moooooommm the white boys are in the yard again
1517599760407879683,cliphalfmoon,Fri Apr 22 20:22:33 +0000 2022,-81.458348,28.490147,"Scar w/ suppressor, was not a fan of the muzzle flash and recoil but 7.62mm feels so good https://t.co/oLTlKFX8UX"
1517599762429902849,covrprice,Fri Apr 22 20:22:33 +0000 2022,-156.4222085,20.8982115,@SkeltonKeyComic Happy to have you! You both are super knowledgeable and love comics. Welcome to the family!
1517599761729310721,Moflo19,Fri Apr 22 20:22:33 +0000 2022,-97.432425,27.737151,CUTE
1517599762878537735,Jewlz340,Fri Apr 22 20:22:33 +0000 2022,-77.0143985,38.898602999999994,Princess treatment or leave me alone ‚ò∫Ô∏è
1517599762970660864,lrotter,Fri Apr 22 20:22:33 +0000 2022,-116.41279,33.739744,Can you recommend anyone for this job? Staff Clinician - https://t.co/BE9Ojs38W4 #NursePractitioner #PhysicianAssistant
1517599763247468544,KeriTombazian,Fri Apr 22 20:22:33 +0000 2022,-118.4119065,34.0207895,"@AtYes2Ats And curse them for your capacity to have a loving wife and beautiful children, by god."
1517599763889364994,TuftsBaseball,Fri Apr 22 20:22:34 +0000 2022,-71.11081999999999,42.424952,E6 | Jumbos still trail by 1 with Mayer dealing on the hill#gojumbos 1 - Bantams 2
1517599763893395457,DTDSoftball,Fri Apr 22 20:22:34 +0000 2022,-83.804475,27.698681999999998,@SchumiNole Holy shit he just said baseball üòÇ
1517599764451192832,tmj_pdx_acct,Fri Apr 22 20:22:34 +0000 2022,-122.7737062,45.2998418,"Come join our Adecco team. Click here to learn more about this Sr. Cost Analyst role: https://t.co/1BSzfrishu #Accounting #Wilsonville, OR"
1517599766393364481,dan_olthoff,Fri Apr 22 20:22:34 +0000 2022,-87.9672925,43.0567225,@WifeDaisy Can I eat your pussy Mommy
1517599765009252352,LantzMartin,Fri Apr 22 20:22:34 +0000 2022,-80.421908,25.695401,The Voice @lildurk üó£ https://t.co/uoHiFss9xp
1517599766653419522,mainstreetmerm,Fri Apr 22 20:22:34 +0000 2022,-83.804475,27.698681999999998,When @thesunnylex doesn‚Äôt answer your ft https://t.co/cAF9n8apUh
1517599768251232256,melaniecraycray,Fri Apr 22 20:22:35 +0000 2022,-118.4119065,34.0207895,So far the only milk that sits well with my stomach is the Ripple oneüò©
1517599768087871489,MarkDavidAnder9,Fri Apr 22 20:22:35 +0000 2022,-71.1800995,41.9708495,@Jim_Jordan @elonmusk The American People demand all information on your involvement in the 1/6 insurrection and yo‚Ä¶ https://t.co/hyHLAZB5tN
1517599769975083009,AnitaRa55528227,Fri Apr 22 20:22:35 +0000 2022,-117.851089,33.842863,@SmnWeekly Don't have a daughter but I keep a eye on my boys just in case
1517599770742767616,ChalktalkCloud,Fri Apr 22 20:22:35 +0000 2022,-95.44648649999999,29.838495,Get #awsdeveloper associate certified. Affordable pricing and In depth Curriculum. Learn by domain expert US Instru‚Ä¶ https://t.co/vyeI38h4hY
1517599771455852545,RedxRonnie,Fri Apr 22 20:22:35 +0000 2022,-84.482788,39.0837075,"@Getouki @mrmorjman Boruto is more hated I‚Äôll agree but i consider that a spin off series. And MHA isn‚Äôt hated, it‚Äô‚Ä¶ https://t.co/ZU82Hqz2TU"
1517599771736698880,mrbobbykalman,Fri Apr 22 20:22:35 +0000 2022,-79.9372,32.7872,"Happy Earth üåç Day! #earthday @ Charleston, South Carolina https://t.co/vfoaysoEOd"
1517599772948975616,francesco212,Fri Apr 22 20:22:36 +0000 2022,-74.002222,40.745278,"Just posted a photo @ Chelsea, Manhattan https://t.co/cxwZ7wWn7f"
1517599773603373059,Im_frosted,Fri Apr 22 20:22:36 +0000 2022,-76.3732535,37.130215500000006,This man is a menace üòÇ
1517599774018527232,malcolmrashaad,Fri Apr 22 20:22:36 +0000 2022,-90.1580165,32.230987,@AvatarJaKara not the tongue lol not mother earth a hot girl
1517599774324756481,FearOfPieces,Fri Apr 22 20:22:36 +0000 2022,-75.117998,40.0048655,Feel like I'm about to die bro
1517599775889129472,_JoeSeppi,Fri Apr 22 20:22:36 +0000 2022,-114.14326249999999,45.4945515,@ChrisPrior13 ü§ù. Got you and Gallegos paired up in room 2
1517599777063505920,Queen_Pixie_,Fri Apr 22 20:22:37 +0000 2022,-115.223125,36.232915,@pulte üôèüèª insurance is messing up and we need money to buy insulin for my husband who is newly diagnosed to diabete‚Ä¶ https://t.co/KyVFocjerH
1517599777290166272,MrNoLimitRepper,Fri Apr 22 20:22:37 +0000 2022,-81.651338,28.352158,Best revenge is letting ppl see they ain‚Äôt stopping shitüí™üèΩüíØ
1517599777449562113,haroldhenry1,Fri Apr 22 20:22:37 +0000 2022,-84.200366,39.78035800000001,Ik she did not put mustard on my favorite fruit ü§£ü§£ she weird for that LMFAO
1517599777839476738,CISalinasss,Fri Apr 22 20:22:37 +0000 2022,-117.104989,32.810012,@Joeingram1 Welcome back Papiiii!!!! üôåüèºüòà
1517599779135451136,studio_daddy,Fri Apr 22 20:22:37 +0000 2022,-122.4359785,37.7706565,@linusalf @greggawatt @epheron Well when you‚Äôre ready you have my support
1517599779597041667,Naptown317colts,Fri Apr 22 20:22:37 +0000 2022,-86.1429225,39.7795625,@LordOfRestocks Shipping already let's go ps5 Nation https://t.co/2MLIs0DuNF
1517599780628803585,SeriousSanchez,Fri Apr 22 20:22:37 +0000 2022,-98.716992,35.3090465,"@realmartypeercy Ohhhh God he did Public Access a few times, I loved that guy"
1517599781023006721,DonRassy2,Fri Apr 22 20:22:38 +0000 2022,-84.433106,33.7671945,@galyyyj14 Thinking ü§î about cheating.  Haven't cheated yet but Thinking about shaking shit up. ü§î üòÜ ü§£
1517599781425610753,daveed_1931,Fri Apr 22 20:22:38 +0000 2022,-118.19402550000001,33.938045,@SawkurGod @snkr_twitr The curry orange is ü§åüèº fell in love w these when they dropped last year and I‚Äôve been taking‚Ä¶ https://t.co/prJSV60uKC
1517599781643853833,fwanky_,Fri Apr 22 20:22:38 +0000 2022,-80.1677155,26.062405,@ApolloFolf @PrismPaws LMFAOOOOKILO DID THAT TO ME
1517599782721572864,trevorharder19,Fri Apr 22 20:22:38 +0000 2022,-115.223125,36.232915,Help us reward our students! #clearthelists https://t.co/y9WkFBEy0e https://t.co/Xb3Olz5hx7
1517599783174746112,_daveharrison,Fri Apr 22 20:22:38 +0000 2022,-89.2665075,39.7393005,"I'm now passing by Benton, Illinois, famous for being the hometown of Beatle George's sister, Louise.‚Ä¶ https://t.co/gcUvrCWQyL"
1517599783397036036,Jeremy_Danner,Fri Apr 22 20:22:38 +0000 2022,-94.3782315,38.916093000000004,Bigoted Buffy the Vampire Slayer just quote tweeted me. https://t.co/N6WrTmwg2j
1517599784328208385,kwalkkk3,Fri Apr 22 20:22:38 +0000 2022,-90.2658225,38.72161800000001,Somebody do meüò≠
1517599785141870592,Astoldbyjayda,Fri Apr 22 20:22:39 +0000 2022,-83.034363,42.669887,Niggas can never take what they dish out ü§£ü§£
1517599786077200386,MCKNUX,Fri Apr 22 20:22:39 +0000 2022,-71.0887125,42.3136695,FINALLY! I get to try out @GordonRamsay Beef Wellington and Lamb Shank! üòã https://t.co/VhsQUSQGiS
1517599787801104385,RickyReports,Fri Apr 22 20:22:39 +0000 2022,-76.1288105,43.052606999999995,"Too soon Twitter, too soon. https://t.co/5GHWXppsYy"
1517599788291739650,JoshuaX1993,Fri Apr 22 20:22:39 +0000 2022,-73.9685415,40.780709,Let my weekend......begin!!! #EarthDayüåé #HappyFridayüéâüôåüòä
1517599788388204545,edwardnwong,Fri Apr 22 20:22:39 +0000 2022,-94.561594,39.2044445,@thetrumankc @OfficialBTSM siiiick
1517599789105532930,BenjaminAlcorn,Fri Apr 22 20:22:40 +0000 2022,-83.804475,27.698681999999998,@rmatthartley Following. I use Sand Dollar on University near JU.
1517599789252288514,CreasySnipez,Fri Apr 22 20:22:40 +0000 2022,-75.77004099999999,42.746617,That‚Äôs elite company right there
1517599789415735296,RAWulBAxel13,Fri Apr 22 20:22:40 +0000 2022,-119.30660750000001,37.2691755,Thinking about how oomf was supposed to send me pics of him in his cute little Sailor uniform from his Navy days ü•∫üò™
1517599789961158658,TG_Blind,Fri Apr 22 20:22:40 +0000 2022,-71.0887125,42.3136695,@KaresKaren @DebbieakaBambi Oh you should contact Emerson College to they do a bunch of stuff like this to even hav‚Ä¶ https://t.co/5P5cadKkux
1517599791240425472,kiaavegas,Fri Apr 22 20:22:40 +0000 2022,-95.44648649999999,29.838495,Okay so produce me then TFYM üòÇ
1517599791018041344,JamieNezbeth,Fri Apr 22 20:22:40 +0000 2022,-80.8172445,41.2353315,@DawnAnd91320913 Today's my 58th Birthday‚ù§Ô∏è‚ù§Ô∏è‚ù§Ô∏è Love my Road Glide‚ù§Ô∏è‚ù§Ô∏è‚ù§Ô∏è‚ù§Ô∏è https://t.co/N2EX9vOBys
1517599791760371712,RobReimer76,Fri Apr 22 20:22:40 +0000 2022,-117.08677750000001,32.66981,Don't do it. Retire now.
1517599791248670721,chrislbs,Fri Apr 22 20:22:40 +0000 2022,-117.838138,33.64697,DEI event. Building a Framework for Belonging. https://t.co/Qg6EsxpOe8
1517599792398053382,CollinsDentalCo,Fri Apr 22 20:22:40 +0000 2022,-85.7682405,37.822244,"Check out Pelton and Crane SP15 Dental Examination Chair with Delivery,Light &amp; Foot Switch https://t.co/qftiwbqFHI #eBay via @eBay"
1517599792624406528,armonsadler,Fri Apr 22 20:22:40 +0000 2022,-91.14698849999999,38.234059,"Sitting next to a nice couple who grabbed my free in-flight snack while I was asleep, I wish them all nice things in life"
1517599794432118784,TheManicGeek,Fri Apr 22 20:22:41 +0000 2022,-122.630908,45.536402,@MaxPayneEbooks Payneful*
1517599795115921410,Hoagyland,Fri Apr 22 20:22:41 +0000 2022,-75.3537215,39.968951000000004,We KNOW &amp; she KNOWS she is perjuring herself.
1517599795069685760,tumadr399,Fri Apr 22 20:22:41 +0000 2022,-117.851089,33.842863,@Azzurr11 @purest @GeorgeCGed @DotEsports @purest @GeorgeCGed stop spreading factual rumors. Hard work for naught.‚Ä¶ https://t.co/gZmJEvYxkg
1517599795107356673,armincrunchwrap,Fri Apr 22 20:22:41 +0000 2022,-118.4119065,34.0207895,Y‚Äôall I‚Äôve been SAYIN https://t.co/X2RNVRyvYU
1517599796877570048,chloemariiiieee,Fri Apr 22 20:22:41 +0000 2022,-86.6807375,32.576227,you know where to find me üåû https://t.co/9FcF5kNyuV
1517599797569540096,darealrhey,Fri Apr 22 20:22:42 +0000 2022,-73.9685415,40.780709,You gotta be deep in them rabbit holes to get this but‚Ä¶iykyk
1517599796625879047,SchlapkohlOwen,Fri Apr 22 20:22:41 +0000 2022,-93.635809,42.014005,Had a great time at Iowa Stateüå™ Thank you @CycloneFB for havin me up‚ÄºÔ∏è https://t.co/BKP1SebsR7
1517599800119623680,_thisgirlisagun,Fri Apr 22 20:22:42 +0000 2022,-122.630908,45.536402,Game time?!Pick gif that you think describes me / my vibe. I'll tell you if I think it's accurate and share one f‚Ä¶ https://t.co/C02zHnxvED
1517599801432412160,GraphicNY,Fri Apr 22 20:22:42 +0000 2022,-75.77004099999999,42.746617,"üî• (55% Off) 5% Coupon + 50% Off üéâ Code N4SQ2NHT Now $11.24, Water Doodle Mat, End Date:  04/30/2022 11:59 PMPDT‚Ä¶ https://t.co/6b7Y3oXbTu"
1517599802695069696,DarlingChristie,Fri Apr 22 20:22:43 +0000 2022,-93.1056485,44.9415155,@xander6981 LAME!!!!! But I can't wait to start getting a barrage of texts hearing all about it from you as soon as you start watching it. üòä
1517599802674012163,SmoakandAsh,Fri Apr 22 20:22:43 +0000 2022,-83.60977650000001,36.438296,"... so, I'm seeing #ofmd everywhere now! ü§£ My local tea shop writes cute/sweet messages on our cups and this is the‚Ä¶ https://t.co/jQrgwKlbYb"
1517599803701616641,thescificenter,Fri Apr 22 20:22:43 +0000 2022,-115.14264874,36.14109252,Black Panther. Alex Ross cover #blackpanther #alexross @thealexrossart @ The Sci Fi Center https://t.co/FVFfx6ABB0
1517599804884275202,tmj_vt_usa_jobs,Fri Apr 22 20:22:43 +0000 2022,-73.212072,44.4758825,"Can you recommend anyone for this #Retail job in #Burlington, VT? Click the link in our bio to see it and more. Par‚Ä¶ https://t.co/PEbuAl6No3"
1517599805383479296,tmj_cae_pharm,Fri Apr 22 20:22:43 +0000 2022,-81.1746304,34.0899358,"Interested in a job in Irmo, SC? This could be a great fit. Click the link in our bio to apply: Pharmacy Technician‚Ä¶ https://t.co/iI2pSLfJ8R"
1517599806494969856,Murphh93,Fri Apr 22 20:22:44 +0000 2022,-121.3496435,38.6867945,@Senseisports1 @PicksCity 214. Suns 111//pels103
1517599806578905089,hughes_struble,Fri Apr 22 20:22:44 +0000 2022,-81.31118699999999,29.0064795,üòç let‚Äôs go Bears! @loganhughes_10 https://t.co/BsMsrmQlZz
1517599807740776449,boogieray02,Fri Apr 22 20:22:44 +0000 2022,-91.45166449999999,42.494271999999995,Trade for him &amp; extend him.Please
1517599808114077697,VenusLibraBeads,Fri Apr 22 20:22:44 +0000 2022,-77.49317049999999,37.529883,@dariusgoins I love this ü•∞
1517599808311111680,JuneJJustice84,Fri Apr 22 20:22:44 +0000 2022,-111.931711,34.1682535,@DancingFox6 Judge Malihi:Tell me about your extensive collection of Japanese art.Judge Beaudrot:One of my other ho‚Ä¶ https://t.co/mqSouXaE40
1517599809703751684,cfisdmusicman,Fri Apr 22 20:22:44 +0000 2022,-95.584618,29.8935655,So thankful for the partnership! @CyFairISD
1517599809795883013,Not_Applicable_,Fri Apr 22 20:22:44 +0000 2022,-118.1567105,33.809171500000005,CNN spent 100 million on a one month experimental failure .
1517599809988927488,ShravanMalaney,Fri Apr 22 20:22:44 +0000 2022,-86.7679715,36.120422000000005,Last minute meetings without an agenda are a form of terrorism
1517599810005524481,tmj_KY_facmgmt,Fri Apr 22 20:22:45 +0000 2022,-86.4794359,36.88064,"See our latest #BowlingGreen, KY #FacilitiesMgmt job opportunity and click the link in our bio to apply: Plumbing T‚Ä¶ https://t.co/NDZSnRKhEy"
1517599810219429890,tmj_sc_adm,Fri Apr 22 20:22:45 +0000 2022,-80.0367259,32.9221152,"If jobs with titles like ""Provider Solutions Specialist"" sound appealing to you, follow us to hear about these type‚Ä¶ https://t.co/vgbKsR2SEm"
1517599811683422210,usfhbomb,Fri Apr 22 20:22:45 +0000 2022,-81.661524,26.5998075,FIBBAGE 4!!!
1517599811645542400,MarvinIsNotDyin,Fri Apr 22 20:22:45 +0000 2022,-112.12467649999999,33.5528625,@bonnie_newcomer I qualified for SSDi on my first try. Didnt have to hire a lawyer. I did it myself and my doctors.‚Ä¶ https://t.co/t4T6uP9bNz
1517599812186685440,posedmaloneJRY,Fri Apr 22 20:22:45 +0000 2022,-84.433106,33.7671945,@TonyVincita out here doing our lord Arnold‚Äôs work #BGU maybe we need a NY/NJ campus
1517599812862070785,htx_sydmichelle,Fri Apr 22 20:22:45 +0000 2022,-95.44648649999999,29.838495,I love jade ü§çü§ç
1517599812245331969,joeymarti05,Fri Apr 22 20:22:45 +0000 2022,-75.3864605,39.1450235,Happy Earth Day üåé üôåüèª https://t.co/eH3ZnwvFtw
1517599813067550725,MikeyCee24,Fri Apr 22 20:22:45 +0000 2022,-73.9685415,40.780709,"@jamieinreverie I do! I usually use my chase credit card, but never heard of that app. Ill definitely look into it before I book something"
1517599813147062272,nkkgrmhchj,Fri Apr 22 20:22:45 +0000 2022,-119.02516299999999,35.3469015,@NurseCamille21 @MilfMommyx69 Who Wouldn‚Äôt Want To Chat 2 A Gorgeous Woman Like You
1517599813021405186,cedelzoppo,Fri Apr 22 20:22:45 +0000 2022,-86.791549,36.200008,@Eve6 you look great here king üëë
1517599813700829186,_tyronesand_,Fri Apr 22 20:22:45 +0000 2022,-78.657837,35.8439815,Yooo Christine not happy at all with the promotion Mary got SHE WALKED OUTTü§£ü§£ #SellingSunset
1517599815080849411,SillyJilly131,Fri Apr 22 20:22:46 +0000 2022,-73.9685415,40.780709,@NoelValerio12 They actually value their employees and the perks in addition to benefits are amazing. (At least at my company)
1517599815483510785,Ladybug4747,Fri Apr 22 20:22:46 +0000 2022,-82.961163,34.694002,I hope everyone is having a great Friday.
1517599815651241984,markherman54,Fri Apr 22 20:22:46 +0000 2022,-73.839202,41.142635999999996,"@BoardGameBloke @scotts_table @gmtgames Let me help, ‚Äúshut up Tim‚Äù"
1517599816141840384,quis__custodiet,Fri Apr 22 20:22:46 +0000 2022,-118.21329,33.95297,2022ZN961LA COUNTY OF LOS ANGELESN33.9530 W118.2133Altitude: 600ftCourse: 163¬∫Groundspeed: 90kts https://t.co/Rq5zgKfta8
1517599817257660421,ReesiePeacie,Fri Apr 22 20:22:46 +0000 2022,-77.0143985,38.898602999999994,@stolencvsplate donovan pls look at one of the postcards i sent u months ago and pls do that w me when u move here thx son
1517599816863395840,StacyMichelleB,Fri Apr 22 20:22:46 +0000 2022,-88.16155549999999,30.683649,".@EricIdle Hugs would be appreciated. I will reciprocate, of course.ü§óüíñ"
1517599817412890626,PatrickTheGiver,Fri Apr 22 20:22:46 +0000 2022,-83.804475,27.698681999999998,@manscaped Like! üöÄ
1517599817442070528,tmj_CO_facmgmt,Fri Apr 22 20:22:46 +0000 2022,-105.1492869,39.5350229,"Want a job with impact? We're hiring in #Littleton, CO! Click for details. https://t.co/ObLWP66C3g #FacilitiesMgmt"
1517599817328828416,BastropISDHR,Fri Apr 22 20:22:46 +0000 2022,-97.3357062,30.1130932,Want to live and work somewhere truly special? Bastrop ISD is a proud public school system in the picturesque Lost‚Ä¶ https://t.co/PShCcuWWQW
1517599817840660481,dwsmithpastor,Fri Apr 22 20:22:46 +0000 2022,-87.3221685,36.5509835,"It's amazing how when you work out stuff starts to work out. Physical fitness doesn't save you, but it sure makes y‚Ä¶ https://t.co/1e3XggNYod"
1517599818108915712,mirandaag_,Fri Apr 22 20:22:46 +0000 2022,-118.03082,34.133783,IT‚ÄôS NO LONGER MEATLESS FRIDAYS
1517599818067021824,tmj_IAC_transp,Fri Apr 22 20:22:46 +0000 2022,-95.8593616,40.6765745,"Interested in a job in Nebraska City, NE? This could be a great fit. Click the link in our bio to apply: School Bus‚Ä¶ https://t.co/b2yjjt6KHK"
1517599818327068672,tmj_mad_nursing,Fri Apr 22 20:22:46 +0000 2022,-89.0187222,42.6827885,Huntington Place Senior Living seeks talented and dedicated individuals to join our team? Make a difference today b‚Ä¶ https://t.co/Ez2BuY6A8n
1517599821204492290,thatbomblagirl,Fri Apr 22 20:22:47 +0000 2022,-83.804475,27.698681999999998,@smbrooksxo Will foreverrrrr be that girllllll. üòç
1517599821577609218,igweigwe71,Fri Apr 22 20:22:47 +0000 2022,-108.57461649999999,39.0917505,@DiMarzio @ToniRuediger @realmadrid @SkySport @SkySports Never happening üòèüôÑüòèü§£
1517599820197859330,JaseyRaeXXX,Fri Apr 22 20:22:47 +0000 2022,-73.9685415,40.780709,ready for some fun in nyc this weekend üòà https://t.co/1pjHqGSpV2
1517599821976244226,Mrs_LaFave,Fri Apr 22 20:22:47 +0000 2022,-80.926628,33.6311395,"@sophcommerford Awwwww, @sophcommerford ‚ù§Ô∏è Thank you for being one of the reasons I love coming to school each day!"
1517599822878027782,chrisoIIey,Fri Apr 22 20:22:48 +0000 2022,-75.117998,40.0048655,@ShittiestStuffs @philatticus He died 4/5 and they didn't find him until 4/20.  Apparently the smell was right at t‚Ä¶ https://t.co/SI1uMtMQzv
1517599824060633088,ShammaBoyarin,Fri Apr 22 20:22:48 +0000 2022,-123.3583795,48.4267305,@MummyMaster420 It‚Äôs my oldest‚Äôs current obsession so I‚Äôm hearing a lot about it right now‚Ä¶
1517599824312479746,SheWildFr,Fri Apr 22 20:22:48 +0000 2022,-83.1738665,32.6782075,I officially have a boyfriend! He‚Äôs also ok with my other life he just doesn‚Äôt want to know anything üòÇ I don‚Äôt care‚Ä¶ https://t.co/EmBKOotJdu
1517599824358477824,AnchorageDemoc1,Fri Apr 22 20:22:48 +0000 2022,-149.7587945,61.2350425,Maybe @dougrbbns can comment more on this and it‚Äôs impacts.  @AKCenter also has a good article on coop utilities he‚Ä¶ https://t.co/d8GAjmSbCU
1517599825067495426,wwharrellclan,Fri Apr 22 20:22:48 +0000 2022,-83.1738665,32.6782075,"Great player, even greater person raised right by his parents! So grateful that you entrusted your son to us. Congr‚Ä¶ https://t.co/vhnbHkq8oS"
1517599827420405766,Bbabybear01,Fri Apr 22 20:22:49 +0000 2022,-79.7422945,40.6088975,Hello #wxtwitter and the #FallGuys community.  #FallGuysUltimateKnockout https://t.co/RtKBVdejbf
1517599828322123776,rjcruzLA,Fri Apr 22 20:22:49 +0000 2022,-118.4119065,34.0207895,@allelbows @stayhousedla should be able to help.
1517599827529551873,LOVEONCHELS,Fri Apr 22 20:22:49 +0000 2022,-83.804475,27.698681999999998,she literally is one of us https://t.co/BINZoqoV2q
1517599828225708033,OGkevingill,Fri Apr 22 20:22:49 +0000 2022,-83.1433925,40.0408125,ü§òü§òü§òü§òü§òü§òü§òü§òü§òü§òGreat things on your horizon.  You have too much heart for their not to be.
1517599829458882560,FamexLeSane,Fri Apr 22 20:22:49 +0000 2022,-73.12620899999999,41.207828,What are y‚Äôall listening to today? üëÇüèæ
1517599830251610112,worthitholl,Fri Apr 22 20:22:49 +0000 2022,-85.7223455,38.195555,"As an Aries woman, I can say I‚Äôve done this to MULTIPLE ppl over the years lmao"
1517599830431997954,TCB082012,Fri Apr 22 20:22:49 +0000 2022,-80.52871300000001,35.652669,2014 Jeep Compass only 138k miles #jeep #compass #jeeplife #usedcars https://t.co/L8oxJV6Yly
1517599831979864064,FlassKnows,Fri Apr 22 20:22:50 +0000 2022,-73.86085700000001,40.944567500000005,"I keep getting asked what I do now, the practical joker in me has the overwhelming urge to answer ""the most"", but i‚Ä¶ https://t.co/CvzzJemgsu"
1517599833032249344,EarthAccounting,Fri Apr 22 20:22:50 +0000 2022,-118.4119065,34.0207895,This #EarthDay Remember We Have Less Than 10 Years to Combat #GlobalWarming https://t.co/9RRhqNFVdp @OneGreenPlanet
1517599833099485186,MarcTGroveSr,Fri Apr 22 20:22:50 +0000 2022,-75.3864605,39.1450235,I‚Äôm going broke but this is the priority ! Unreal
1517599833430716416,a_j_r,Fri Apr 22 20:22:50 +0000 2022,-122.4359785,37.7706565,@codingmilf Always push it up
1517599834009751553,SHBueche,Fri Apr 22 20:22:50 +0000 2022,-97.754724,30.323345500000002,Why China is using guard geese to uphold its zero-COVID policy https://t.co/W4iRnDG9Mx via @NatGeo
1517599834789879808,wcrosher,Fri Apr 22 20:22:50 +0000 2022,-80.8467855,35.209058999999996,@billdifilippo The only important spring game in the country
1517599835242655744,Ajbaloney,Fri Apr 22 20:22:51 +0000 2022,-118.3512175,33.8337145,@laurel53 This guy is in his kitchen‚Ä¶..Imagine what he has on him when he goes outside.
1517599835645390848,The247ceo,Fri Apr 22 20:22:51 +0000 2022,-118.3461525,33.953633499999995,"You‚Äôre not generating enough leads, because you are not approaching your niched audience directly with conversation‚Ä¶ https://t.co/w9ZjdEJmZP"
1517599835670654985,HizzyInc,Fri Apr 22 20:22:51 +0000 2022,-95.44648649999999,29.838495,@morganloewenher @137pm ü§ò I Like Watching My Name Get Covered Up ... But I Know Its Thereü§ò
1517599835670650880,JasiraMonique,Fri Apr 22 20:22:51 +0000 2022,-96.57459349999999,39.209928500000004,Happy Earth Day üåç
1517599835863457795,LeniliC,Fri Apr 22 20:22:51 +0000 2022,-111.7375655,33.4057545,"@RondaJOwens2 Yes, it is."
1517599835947417608,FrankOnTheRidge,Fri Apr 22 20:22:51 +0000 2022,-82.019612,41.3824635,@Sammm_87 I have 4 of those! I‚Äôve gotten one at each cleveland tattoo convention I‚Äôve gone too. Been lucky that non‚Ä¶ https://t.co/riDPmBzAlT
1517599836953923584,NiceRivera_,Fri Apr 22 20:22:51 +0000 2022,-115.135165,36.0609645,I‚Äôm hungry
1517599837130313730,OrlaOrtiz6,Fri Apr 22 20:22:51 +0000 2022,-87.732013,41.8335845,Thought this said Ja Rule ü§£
1517599837566291969,moderhead,Fri Apr 22 20:22:51 +0000 2022,-120.882482,47.273022,Sad news
1517599836391952389,gwb_rescue,Fri Apr 22 20:22:51 +0000 2022,-115.223125,36.232915,We are officially declaring it the weekend! #friday #weekendvibes #loverboy https://t.co/hptBLFe6Js
1517599838254379015,AutumnDamnIt,Fri Apr 22 20:22:51 +0000 2022,-92.13127399999999,34.7519365,"People are not okay, ASA!"
1517599839550427138,CollinsDentalCo,Fri Apr 22 20:22:52 +0000 2022,-85.7682405,37.822244,Check out A-Dec 511 Dental Examination Chair - Build Your Dental Chair https://t.co/Pwjx9AwBR4 #eBay via @eBay
1517599840175198208,310Jacki,Fri Apr 22 20:22:52 +0000 2022,-118.40899,34.0060125,@French_Bulldog_ Very tired little guy
1517599840246640641,jessdecaire,Fri Apr 22 20:22:52 +0000 2022,-86.185268,41.679926,at church
1517599840154357763,Jayy_Crypt0,Fri Apr 22 20:22:52 +0000 2022,-85.6411415,42.9564115,@antnunes3 @ChipotleTweets Hell yeah.. https://t.co/o4Zsl2y4ou
1517599840498241536,thechub_b_w,Fri Apr 22 20:22:52 +0000 2022,-84.470729,33.8614025,"I should go sunbathe by the pool, but that seems like such a task right now https://t.co/JGOQYaBRyn"
1517599840779317250,OldManGweedo,Fri Apr 22 20:22:52 +0000 2022,-86.791549,36.200008,@JeremyCom so odd figure concept but can we get a line of musicians? Figures that rep dime bag or foo fighters he‚Äôl‚Ä¶ https://t.co/Tf5q5FrhcR
1517599841597202442,notchagirl_,Fri Apr 22 20:22:52 +0000 2022,-79.42086499999999,38.003375500000004,this weather really is bringing out the happy in me
1517599841542565888,UtahWxMan,Fri Apr 22 20:22:52 +0000 2022,-111.908219,40.843301499999995,Small hail in NSL @NWSSaltLakeCity https://t.co/CqtWM950II
1517599843077607424,JamalJimoh,Fri Apr 22 20:22:52 +0000 2022,-118.4119065,34.0207895,"‚ÄúI greet you with the love of God, that don‚Äôt make us friends‚Äù - No Malice"
1517599843786674179,lilpapabean,Fri Apr 22 20:22:53 +0000 2022,-74.073332,42.01648,#spotify link to album üíø https://t.co/1ElRU9eqR9
1517599843946057728,BobbyBounce,Fri Apr 22 20:22:53 +0000 2022,-75.22698600000001,43.119679500000004,We back on it tonight! #TGIF #HappyFriday 4/22 #LetsGo üöÄüì°üéöhttps://t.co/izyspaLQzAüéö#BobbyBounce  95.5FM #TheHeatüî• https://t.co/pXDhcr12dd
1517599844294021120,shoppler1,Fri Apr 22 20:22:53 +0000 2022,-122.334461,47.307568,LOVE this shot! @breannastewart showing her stuff!  #TheQueen #Stewie!
1517599844474535936,Clicquot_Mikey,Fri Apr 22 20:22:53 +0000 2022,-97.9351915,29.8956065,Bad bitches and cold drinks.
1517599845191585792,randydale3,Fri Apr 22 20:22:53 +0000 2022,-122.3306025,47.614817,#EarthDay2022Wordle 307 5/6‚¨ú‚¨úüü©üü®‚¨úüü®‚¨úüü©üü®‚¨úüü©‚¨úüü©‚¨ú‚¨úüü©üü©üü©üü®‚¨úüü©üü©üü©üü©üü©
1517599845250478086,King_EK_,Fri Apr 22 20:22:53 +0000 2022,-76.578711,38.5339265,@ReggPivot They tryna chip up
1517599845321740288,EQFitnessSWMich,Fri Apr 22 20:22:53 +0000 2022,-86.6098,41.8002,"Just posted a photo @ Three Oaks, Michigan https://t.co/CMaei9tk3J"
1517599846038921225,OhKAY_iCU,Fri Apr 22 20:22:53 +0000 2022,-95.584618,29.8935655,Right lol
1517599846286430209,BradMBolton,Fri Apr 22 20:22:53 +0000 2022,-86.6807375,32.576227,"Bank associations call for more clarity, oversight for Fed master accounts https://t.co/PlSEJ6GT8p"
1517599846466613249,tmj_hsv_transp,Fri Apr 22 20:22:53 +0000 2022,-86.7483318,34.6992579,"If you're looking for work in #Madison, AL, check out this #Transportation job via the link in our bio: Diesel Mech‚Ä¶ https://t.co/u07v92Z9Pz"
1517599846798036992,tmj_mt_nursing,Fri Apr 22 20:22:53 +0000 2022,-108.5006904,45.7832856,"See our latest Billings, MT #Nursing #RN job opportunity and click the link in our bio to apply: RN - New Grads - M‚Ä¶ https://t.co/P6mwfupRO7"
1517599847494430720,PimpCTrainee,Fri Apr 22 20:22:53 +0000 2022,-95.44648649999999,29.838495,@OG__Mimi Seem like they wake &amp; go cuz the morning always packed. I‚Äôm puttin 2 &amp; 2 together
1517599847750135808,tmj_MI_EDU,Fri Apr 22 20:22:54 +0000 2022,-85.7228061,42.8122508,"Founded on academic excellence, moral focus, parental partnership, and student responsibility, National Heritage Ac‚Ä¶ https://t.co/G9T1Qj8u9w"
1517599848836567043,IAmSexyBlack,Fri Apr 22 20:22:54 +0000 2022,-90.111231,32.280999,See. See. This is why I can‚Äôt have kids‚Ä¶smh! Babyyyy the whole mf park would have been shut tf down!!! Every time I‚Ä¶ https://t.co/NjQEjp8D0E
1517599849356701696,k_vincee,Fri Apr 22 20:22:54 +0000 2022,-75.9594895,40.7989045,@AB8CK I can feel the sarcasm
1517599851575275525,KatMakesPics,Fri Apr 22 20:22:54 +0000 2022,-112.12467649999999,33.5528625,What a disaster! #crisispr @reputationdr #cnn #CNNPlus #mediafailure #pr
1517599851088793600,cowichancaps,Fri Apr 22 20:22:54 +0000 2022,-123.6694535,48.8460845,And now for our final round of award winners! #bluecollarüì∏: @garrettjames22 @CSweetMedia Kevin Rothbauer https://t.co/3v9fyNJ8Os
1517599852204638215,AgnstRidden,Fri Apr 22 20:22:55 +0000 2022,-73.9685415,40.780709,"@JeremyIanHarve1 Many Thanks, It Feels so Real That if at Any moment He is going to turn around &amp; say Hello, I happ‚Ä¶ https://t.co/gZStNuKHvV"
1517599853097988098,SomeChiGuy,Fri Apr 22 20:22:55 +0000 2022,-87.732013,41.8335845,@princessnosidam Fantastic!!
1517599854108815362,Tweetsfrommeech,Fri Apr 22 20:22:55 +0000 2022,-90.011008,29.982601,Tf is wrong with you niggas
1517599854423388162,Kalhouli,Fri Apr 22 20:22:55 +0000 2022,-81.03596944,34.00716399,"I'm at @GoodLife_Cafe in Columbia, SC https://t.co/yPtLPst3zK"
1517599855492935680,Josh_Haider,Fri Apr 22 20:22:55 +0000 2022,-100.7641485,46.8299035,The bane of my existence https://t.co/aDOqihzDR7
1517599854066814976,SonsLegionRadio,Fri Apr 22 20:22:55 +0000 2022,-75.77004099999999,42.746617,"""This vessel is built tough, Bollinger Tough""thats Charles ""Skip"" Bowen a 32 year @USCG veteran, representing‚Ä¶ https://t.co/j58wgQdbve"
1517599856046620672,RaDollas_Cs,Fri Apr 22 20:22:55 +0000 2022,-73.9685415,40.780709,Yo what if you jump off a boat and before you even hit the water a big ass üê≥ jump out the Water And eat youü§£ü§£ü§£. Y‚Ä¶ https://t.co/F12eQCvfkp
1517599856679956483,Ceddyp14,Fri Apr 22 20:22:56 +0000 2022,-82.93919700000001,39.830648,Everybody like Zion but B.I. my favorite player for the pels and in the NBA. ü§∑üèΩ‚Äç‚ôÇÔ∏è
1517599856579297285,stunnersclub97,Fri Apr 22 20:22:56 +0000 2022,-119.30660750000001,37.2691755,"@state_survival Where to get xanz,pecs, xtc, fent, etc. Text /call/WhatsApp+1(917)790-5806 https://t.co/e7IdBKIGI6‚Ä¶ https://t.co/xGcHDmJx8D"
1517599856856031232,PersisterCrone,Fri Apr 22 20:22:56 +0000 2022,-78.8954405,35.9909825,@RepMTG Here you are being very afraid during the Capitol lockdown.  Perjure yourself much? https://t.co/Sb1YrXADXd
1517599857317322753,CUTWRlGHT,Fri Apr 22 20:22:56 +0000 2022,-111.928142,33.392883999999995,@Kiraeyl With style.
1517599857384382464,McguireMarla,Fri Apr 22 20:22:56 +0000 2022,-118.04889600000001,34.168326500000006,@KDCoug88 @CarolLRose @joanstout @BaddCompani That gets a follow!
1517599857413955588,CONTEMPRA_INN,Fri Apr 22 20:22:56 +0000 2022,-90.239517,30.008285,#Frisky Baby #Giraffe romping and playing #Happiness ü¶íü¶í https://t.co/EiOvGoTUq4 @ramblingsloa @CONTEMPRA_INNüåπ
1517599857229279232,GinaHaxxx,Fri Apr 22 20:22:56 +0000 2022,-118.9188865,34.188478,Felt cute üòå https://t.co/UYLrs7ZA7B
1517599858680545283,Notawful,Fri Apr 22 20:22:56 +0000 2022,-80.087032,42.110703,@EdPsychMama NW PA @SigmaXiSociety UG research conference PSU-Behrends.
1517599858890260481,sophsa,Fri Apr 22 20:22:56 +0000 2022,-79.2725695,43.629311,"@egrojasile @menwhocantread he is, and he‚Äôs VERY white üò™"
1517599858852573185,AngelMulatto1,Fri Apr 22 20:22:56 +0000 2022,-118.4119065,34.0207895,Pick me or my pets https://t.co/kRUG4NMSqn
1517599859074756610,TVMCCA,Fri Apr 22 20:22:56 +0000 2022,-118.4119065,34.0207895,Everybody's Dummy: Grateful Dead 16: Shakedown Street https://t.co/jz00CwiYsO
1517599859867586563,JusCapo,Fri Apr 22 20:22:56 +0000 2022,-95.44648649999999,29.838495,She would‚Äôve meet God himself
1517599860941365253,kennysnider,Fri Apr 22 20:22:57 +0000 2022,-77.49317049999999,37.529883,@JoJoFromJerz Too much chlorine in that gene pool ü§°
1517599861171888131,notnathanc,Fri Apr 22 20:22:57 +0000 2022,-116.9667975,32.7657605,Oh yessssss
1517599860538572801,PapaJ_Torres,Fri Apr 22 20:22:57 +0000 2022,-149.7587945,61.2350425,Its going down... https://t.co/PFRubzU3AT
1517599861297881095,Marie_SG,Fri Apr 22 20:22:57 +0000 2022,-77.5775455,47.995113,@teawithdovahs üôè My humblest thanks and I may end up drawing her from ME3 just to put them side by side! ü•≤
1517599863369654272,kittytat65,Fri Apr 22 20:22:57 +0000 2022,-120.882482,47.273022,Hello pretty kitty!!üòª‚ù§
1517599864925814786,Miss_Angel_Baby,Fri Apr 22 20:22:58 +0000 2022,-79.2725695,43.629311,@KSIBS_ This Week!
1517599865588436992,JamesOberdank,Fri Apr 22 20:22:58 +0000 2022,-117.46592749999999,33.7615245,@dalewilkinss cousin ian is a wild man
1517599865718595585,rrodriguesspp,Fri Apr 22 20:22:58 +0000 2022,-74.030317,40.76662,Pregame warmups have been completed and we are about to get underway!#SPPvsUC
1517599865819303937,BenficaMister,Fri Apr 22 20:22:58 +0000 2022,-71.8373825,42.1954465,This looks like its gonna be great https://t.co/iNqsuMz6Qv
1517599866909827075,vern_gilbert,Fri Apr 22 20:22:58 +0000 2022,-83.804475,27.698681999999998,@DoriDataBae @Clumsycatty I have heard from no ‚Äúvictims‚Äù directly. Only accusations from those who claim to represe‚Ä¶ https://t.co/wtnvAlkZYJ
1517599867253796873,wwharrellclan,Fri Apr 22 20:22:58 +0000 2022,-83.1738665,32.6782075,@clavergne1 @PeytonLavergne @lcbaseball21 @GeorgiaJackets @NCSA_Baseball @NCAABaseball @JHSBaseball3 @CoachPynnNCSA‚Ä¶ https://t.co/lKNswto7Po
1517599867505311744,Elliebuns,Fri Apr 22 20:22:58 +0000 2022,-111.8808735,33.282450499999996,"People think being a healer main is useless, but forget that we choose whether you live or die üòà iykyk"
1517599867748511744,rizzvisuals,Fri Apr 22 20:22:58 +0000 2022,-122.162294,37.7050435,@_GT27 Yeah I‚Äôm pretty sure they stopped it after some parents complained. I mean some of us might have deserved it‚Ä¶ https://t.co/jjLtRKN2qR
1517599867798962177,tsharpe319,Fri Apr 22 20:22:58 +0000 2022,-74.485366,40.892118499999995,I Wendys That Way #FoodCourtMusic https://t.co/lHg7EPSRsZ
1517599868650405888,CocoSuede,Fri Apr 22 20:22:58 +0000 2022,-84.35244449999999,33.943456999999995,Like. You didn‚Äôt have to say that part! Jesus.
1517599868797263878,cherylleslie1,Fri Apr 22 20:22:59 +0000 2022,-80.240128,43.534199,"@CityNewsTO So apparently ""¬†individuals who are, or may be, at increased risk of severe outcomes, are in close cont‚Ä¶ https://t.co/wicceYb6CN"
1517599869770379265,everyEarthquake,Fri Apr 22 20:22:59 +0000 2022,-122.8781662,38.8431664,"USGS reports a M0.35 earthquake, 13km ENE of Cloverdale, CA on 4/22/22 @ 20:18:54 UTC https://t.co/mON5YU4uUR #earthquake"
1517599869652942848,Jabarimoore_,Fri Apr 22 20:22:59 +0000 2022,-96.7617535,32.819858499999995,I need to be doing way more
1517599869896212480,AlexFulp,Fri Apr 22 20:22:59 +0000 2022,-77.0143985,38.898602999999994,"@KDs_Burner1 Anime takes on the timeline, love to see it"
1517599869938147329,Mrs_G1983,Fri Apr 22 20:22:59 +0000 2022,-100.0768885,31.1688935,@amycrodriguezz You‚Äôre prettier
1517599870063980552,JRoadsreal,Fri Apr 22 20:22:59 +0000 2022,-93.2373245,44.679378,@StateOfHawkey @mnwild Same here!! Right behind Fleury look for the obnoxious Flower https://t.co/p1lsqcE9AQ
1517599871133528069,CompassCoffeeDC,Fri Apr 22 20:22:59 +0000 2022,-81.491811,28.457142500000003,@piccarina93 ü•∫That just made our day
1517599871171235840,DraeBlake,Fri Apr 22 20:22:59 +0000 2022,-76.88877049999999,38.861672999999996,A Seat üí∫ https://t.co/Cs35aCimr1
1517599871930298369,JonathanHudgins,Fri Apr 22 20:22:59 +0000 2022,-118.3210685,46.064640499999996,@mrjamesob Done and done! https://t.co/tCuOBPq1Jo
1517599872672841732,irish191919,Fri Apr 22 20:22:59 +0000 2022,-75.398575,39.932108,@SummerSongGirl Love it
1517599872983175171,laurlin24,Fri Apr 22 20:23:00 +0000 2022,-75.644536,40.250307,@brettr527 That‚Äôs great!
1517599873570324487,westghentwitch,Fri Apr 22 20:23:00 +0000 2022,-76.255686,36.895082,@tarashdev My grandmother was one and I have a good friend who is too.
1517599874316873728,CryptoPancake3,Fri Apr 22 20:23:00 +0000 2022,-112.12467649999999,33.5528625,If you‚Äôre a tokenomics enthusiast you need to check out WAPFi
1517599874069372928,DelolmoBenjamin,Fri Apr 22 20:23:00 +0000 2022,-118.4119065,34.0207895,Hi lil‚Äô bird ! How was your day ? üê¶ https://t.co/byC22xj4HZ
1517599874845450243,AlstonIngramJr1,Fri Apr 22 20:23:00 +0000 2022,-97.427291,35.8757985,"Quaaludes, Barbiturates, Laudanum, Ether, Novocaine, PCP, ICE, LSD, Xanax, et al. ‚ÄúMethamphetamine‚Äù was shortened t‚Ä¶ https://t.co/c5PccfwiCr"
1517599873897431040,drewskiism,Fri Apr 22 20:23:00 +0000 2022,-116.8295075,34.252334,Better view https://t.co/UwBAfblhkE
1517599876393152513,bob_biggerstaff,Fri Apr 22 20:23:00 +0000 2022,-95.44648649999999,29.838495,HOUSTON TONIGHT FREE Comedy show @EurekaHeights Brew Co. 8pm. https://t.co/1uPwCXyIJ5 https://t.co/UWlt98poJr
1517599877101932545,Beene5Beene,Fri Apr 22 20:23:01 +0000 2022,-77.60468399999999,41.1179365,@smerconish I sure hope not! I'm done with Bernie running for anything but his Senate Seat.
1517599877882167298,LouManoti,Fri Apr 22 20:23:01 +0000 2022,-86.441236,39.766555499999996,I‚Äôm glad I thought to get the trailer tires filled. They looked low and I was right.
1517599877928304640,giantwolfsupply,Fri Apr 22 20:23:01 +0000 2022,-83.5629235,30.785647500000003,"@Voodoocaleb Hey man! It has removable links! I include a screwdriver to do it yourself, or you can have it profess‚Ä¶ https://t.co/91J65hVRdJ"
1517599878272077824,publishingrenee,Fri Apr 22 20:23:01 +0000 2022,-123.75477649999999,48.621596499999995,"@coffeecrew I used to play with street photography when I lived back east, totally get it.os this a group that meets regularly?"
1517599879580864512,BigBandz_YB,Fri Apr 22 20:23:01 +0000 2022,-83.1738665,32.6782075,"at da house attemptin to take a nap, cuz i ain wit all dat sleepy n bed by 11 shit"
1517599880201621505,DeGambler_,Fri Apr 22 20:23:01 +0000 2022,-90.011008,29.982601,I worked 3 doubles this week cuh
1517599879756795905,SalMancuso,Fri Apr 22 20:23:01 +0000 2022,-73.973912,40.762374,New Biden Order to Find Old Trees Falls Short of Protecting Them https://t.co/gNaomboCqE #tech #science #news
1517599882147602432,EpsilonZero_JB,Fri Apr 22 20:23:02 +0000 2022,-118.4119065,34.0207895,Johnny should have just pushed the poop back in. Win-win.
1517599882479079427,tootsbeanzinga,Fri Apr 22 20:23:02 +0000 2022,-93.3613205,46.441860500000004,@mike_mainor I wish! ü§£
1517599883930263553,282BHBEASTSIDE,Fri Apr 22 20:23:02 +0000 2022,-92.10176200000001,30.5286,"Knew they would leave, kause they all do."
1517599886429941760,EvilMarkOG,Fri Apr 22 20:23:03 +0000 2022,-104.789327,38.8885185,I thought this was @TheOnion
1517599886094516230,menfeetlover,Fri Apr 22 20:23:03 +0000 2022,-73.98585,40.757346,Scouting for sexy feet in NYC üë£üòé https://t.co/cdVmnUZR6R
1517599888632160257,officialmckell,Fri Apr 22 20:23:03 +0000 2022,-84.433106,33.7671945,About to be a lit weekend indeed üòè
1517599887398998016,WF_Bolton,Fri Apr 22 20:23:03 +0000 2022,-79.4463315,43.9965895,What do you think of my cosplay of Roman myfans ? @WWERomanReigns #RomanReigns #WWE #WrestleMania https://t.co/nm43d2BP5v
1517599888841736192,CocoaDreamyy,Fri Apr 22 20:23:03 +0000 2022,-119.02516299999999,35.3469015,I called kale ‚Äúkelp‚Äù once and I was in tears üò≠üò≠üò≠ asked the Walmart clerk for frozen kelp
1517599888925728769,NateBell4AR,Fri Apr 22 20:23:03 +0000 2022,-92.13127399999999,34.7519365,@ArkansasJones2 In what race?
1517599889114361856,tmj_WI_transp,Fri Apr 22 20:23:03 +0000 2022,-87.9064736,43.0389025,"O'Reilly Automotive is looking for teammates like you. See our latest #Transportation job openings, including ""Bili‚Ä¶ https://t.co/9ntRbijzTh"
1517599890741899269,CUTWRlGHT,Fri Apr 22 20:23:04 +0000 2022,-111.928142,33.392883999999995,@RaineYiVTube I'm terrified that they might.
1517599890938863616,tmj_mia_it,Fri Apr 22 20:23:04 +0000 2022,-80.1917902,25.7616798,"Join the Mastercard team! See our latest #IT job openings, including ""Director, Specialist Sales"", via the link in our bio. #Miami, FL"
1517599893161799685,TitusNation,Fri Apr 22 20:23:04 +0000 2022,-118.4119065,34.0207895,"‚ÄúDid I talk to the President about overthrowing the government‚Ä¶ hmmm, I don‚Äôt recall‚Äù We all forget the little shit."
1517599893308780546,everylotla,Fri Apr 22 20:23:04 +0000 2022,-118.34920022,34.21417979,7854 Glenoaks Boulevard https://t.co/OHyTufvIQQ
1517599894764236812,rolandblais,Fri Apr 22 20:23:05 +0000 2022,-119.7899857,39.4762115,Nice. Smooth. Bitter. Tasty. - Drinking a Black Rock ESB by @gbbco at @gbbco  ‚Äî https://t.co/vhVuu5tVq0
1517599895896608771,TheOldManPar,Fri Apr 22 20:23:05 +0000 2022,-80.7318815,28.313804,"@DLaneBreckenri1 @ESGhound @Sulaco22 @SciGuySpace We'll see how the plan shakes out, but my point is that LC-49 is‚Ä¶ https://t.co/DTVbwwyirb"
1517599896127385601,CaleighAMiller,Fri Apr 22 20:23:05 +0000 2022,-75.77004099999999,42.746617,Wha?!?! @Jbrekkie and @OddlyYvie in the same episode??? I have to watch this!!!
1517599897721126913,TeeDash1,Fri Apr 22 20:23:05 +0000 2022,-82.372728,28.042489500000002,@PassTheAux_1 Pluto
1517599898140647427,they_love_dede,Fri Apr 22 20:23:06 +0000 2022,-84.26809349999999,33.7679285,@pulte @pulte i REAAAALLY need a hand up battling SLE LUPUS going thru another flare up $newcredit20 https://t.co/9ng6J5Qa59
1517599898857881600,dekethorton1,Fri Apr 22 20:23:06 +0000 2022,-89.3181295,37.7616745,"@CountessDionys2 Countess, no wire hangers?"
1517599900204163072,LFODZOO,Fri Apr 22 20:23:06 +0000 2022,-72.2499855,43.642877999999996,That's your choice. As is mine to not wear one.Welcome to personal choice.
1517599901043077122,___LaReine,Fri Apr 22 20:23:06 +0000 2022,-72.4511725,43.871756500000004,I have the greatest plug ever ü•≤
1517599901609345024,nhhssports,Fri Apr 22 20:23:06 +0000 2022,-71.4440805,42.971199,"End of first quarter, @Owlslacrosse and @DSBoysLax are tied 2-2. Big save on the doorstep by Derryfield's Parker Le‚Ä¶ https://t.co/JnQGyEWNsz"
1517599901953232897,Tigersfanjr,Fri Apr 22 20:23:06 +0000 2022,-85.5656885,42.290524000000005,@jujubetv I cant afford all these beautiful sets üò≠üò≠
1517599902091649025,GahDamnB,Fri Apr 22 20:23:06 +0000 2022,-84.3064885,33.9430725,The content produced today is gold ü§≠
1517599904801169411,TJN3,Fri Apr 22 20:23:07 +0000 2022,-86.2625855,43.161903,"@LetsFindOut29 @99Bananas007 @Wendys They don‚Äôt even give me crackers with my chili unless I ask, even then I got a double check"
1517599905312874497,silentsspring,Fri Apr 22 20:23:07 +0000 2022,-71.566171,44.00123,HAPPY EARTH DAY EARTH PPL üåéüå±‚ú®üåàüå∑üåø
1517599905396703238,FlowerFembot,Fri Apr 22 20:23:07 +0000 2022,-82.67290299999999,27.7957195,I want to make a remake of V for Vendetta. London looks exactly the right place to be for that.#PD üëë @GoodWillsmith
1517599905568772098,BurnerJalen,Fri Apr 22 20:23:07 +0000 2022,-96.29164850000001,30.585471499999997,This is why Jalen Brunson should‚Äôve been the MVP.
1517599905925107712,JasonOGrady,Fri Apr 22 20:23:07 +0000 2022,-122.0238405,37.378397,A great example of next level stage design &amp; live event production! üé§üë®‚Äçüé§üö•üé∏üéπüîäHarry Styles - Kiwi - Coachella 2022‚Ä¶ https://t.co/fffmpqkX3M
1517599906801799169,Eat_Work_Run,Fri Apr 22 20:23:08 +0000 2022,-73.9685415,40.780709,@OhNoSheTwitnt What many men don‚Äôt understand is that there‚Äôs no way of knowing if you‚Äôre two seconds away from the‚Ä¶ https://t.co/bYIraHPmdD
1517599909406457859,mianr03,Fri Apr 22 20:23:08 +0000 2022,-99.17815350000001,28.668881499999998,@_keibun pls talk shit to me when ur pfp isn‚Äôt an animal üòÇüòÇ
1517599909628809220,zothoughtwhat,Fri Apr 22 20:23:08 +0000 2022,-73.9685415,40.780709,Does everyone know you can share your screen on FT? If you didn‚Äôt well now you know!
1517599910769487872,ItsJoeyTruth,Fri Apr 22 20:23:09 +0000 2022,-122.42311849999999,37.6587985,"@triggaNAP I know you like Ruben ""The Kobe Stopper"" Patterson on there üòÇüòÇüòÇ"
1517599911650283520,TheBlindSavage,Fri Apr 22 20:23:09 +0000 2022,-111.7375655,33.4057545,"@CalitoRealer @thepoetpreneur As much as I can get. I have to move by June, because the price of rent at my apartme‚Ä¶ https://t.co/xj97BoYfty"
1517599911574794240,TequilasBurbank,Fri Apr 22 20:23:09 +0000 2022,-118.325145,34.182159999999996,Happy Fri-Yay! Treat yourself to a delicious meal. You deserve it! #tequilas #tequilasburbank #burbank #fajitas‚Ä¶ https://t.co/Ag2yfqDjXV
1517599913701527552,nmbernard,Fri Apr 22 20:23:09 +0000 2022,-78.74736899999999,42.7677015,@TORNADOOFDOOM1 So I can lounge in the sun on Sunday. Duh. üòÇ‚òÄÔ∏èüòé
1517599914943041536,rayakey,Fri Apr 22 20:23:10 +0000 2022,-83.05965,42.30865,Just posted a photo @ Ray Akey Photography https://t.co/XuM3a94CqM
1517599915614081024,ByBrandonWood,Fri Apr 22 20:23:10 +0000 2022,-75.77004099999999,42.746617,@Nicole_Hube My OCD does not physically allow me to leave all of that every time
1517599916092178433,lia_xo_,Fri Apr 22 20:23:10 +0000 2022,-95.9046305,33.24548,üòÇ dawg
1517599919741313025,socorro2460,Fri Apr 22 20:23:11 +0000 2022,-98.189648,26.1679045,"@WalshFreedom Exactly, Democrats need to go to Fox ..."
1517599919800004618,morupside,Fri Apr 22 20:23:11 +0000 2022,-70.38929949999999,43.5232425,I love Emmy nomination day.  So great seeing so many local folks getting recognized.  Congrats everyone!
1517599919988776962,RealBunBun,Fri Apr 22 20:23:11 +0000 2022,-77.60468399999999,41.1179365,Now THIS!!! Stingley always was CB1. He deserves to be the hottest name. Kid has potential beyond belief
1517599919703531523,WETHEKINDOMQ,Fri Apr 22 20:23:11 +0000 2022,-79.861034,35.1704985,@tinyfirefly8 HATERS GONNA HATE https://t.co/6G9QYkq8yu
1517599921523728386,JasEscaliente,Fri Apr 22 20:23:11 +0000 2022,-106.7374385,32.342299499999996,Only person I be looking at like that is my man üëÅüëÑüëÅ
1517599922794549248,CUTWRlGHT,Fri Apr 22 20:23:11 +0000 2022,-111.928142,33.392883999999995,@The_UBERginger This means everything. üíñ
1517599923729883136,ItsSheedeh,Fri Apr 22 20:23:12 +0000 2022,-122.14403,37.414371,52 Ways To Invest In Our Planet. https://t.co/gCxmflEoLp
1517599924724117504,BrentSimpson19,Fri Apr 22 20:23:12 +0000 2022,-79.57012950000001,43.073547500000004,"First a Bobby Orr fan then Yzerman, agree this one cuts deep"
1517599925558644736,coachingkapwa,Fri Apr 22 20:23:12 +0000 2022,-117.104989,32.810012,@CIFState @CIFNocetti @CSADAOnline Wow! What an announcement by CIF Executive Director!Also I‚Äôm on the @NIAAA9100‚Ä¶ https://t.co/hJUK1cPUGw
1517599926196310016,UKDad21,Fri Apr 22 20:23:12 +0000 2022,-85.7682405,37.822244,@KentuckyLacy She was an institution in Mt Sterling growing up. She made some of the best food in the fellowship ha‚Ä¶ https://t.co/dybijz8g6V
1517599926217183233,nkumar23,Fri Apr 22 20:23:12 +0000 2022,-119.30660750000001,37.2691755,"Pumped to see all of the creativity @sam__schoonover and team poured into @coachella this weekend, including their‚Ä¶ https://t.co/TA8LCX5ZzL"
1517599926296924160,Dominiclup2,Fri Apr 22 20:23:12 +0000 2022,-74.15394699999999,40.572376000000006,@nyccookies What did Kyle do? He killed a pedo that attacked him he saved countless children from being sexually as‚Ä¶ https://t.co/CcH24iHoB6
1517599926707908608,TerrifiedRabbit,Fri Apr 22 20:23:12 +0000 2022,-118.130426,33.9376735,@catarroni What are you working?How does he like it? Working there paid for my first DL Pass lol.
1517599926041014272,Jksummers87,Fri Apr 22 20:23:12 +0000 2022,-118.4119065,34.0207895,"I absolutely despise the idea of advertising patches on the Dodgers uniform, but if we have to, it should be this. https://t.co/i2auW2OwI2"
1517599926951325699,theOGtommy,Fri Apr 22 20:23:12 +0000 2022,-85.84122450000001,41.5728005,"@Tweeeety86 Totally wish more people would realize this.  Sadly they don't even have to be passed, just small things."
1517599927223922688,jakesakuraba,Fri Apr 22 20:23:12 +0000 2022,-71.0887125,42.3136695,Happy fictional birthday to Inosuke Hashibara!! üêó BOAR RUSH!! https://t.co/XJ2AOcqcFR
1517599928259854336,mommaleo,Fri Apr 22 20:23:13 +0000 2022,-80.77066099999999,28.3832865,@imUrB00gieman @SueSuemilam5 Right? They were in charge of their own policing? What a perfect set up for nefarious‚Ä¶ https://t.co/TiUNqHbpHJ
1517599928129925121,jay_bowes,Fri Apr 22 20:23:13 +0000 2022,-68.2304025,44.400757999999996,Maine wit https://t.co/eccTjIVCsJ
